Accessories for hair;110.00 MAD;LINXI;10 Pcs Small Mini Pearl Claw Clips with Flower Design for Women Girls
Beach Bag;150.00 MAD;BeeGreen; beach bag for women with Handles Embroidery Large Personalized  A
Accessories for hair;110.00 MAD;LINXI;10 Pcs Small Mini Pearl Claw Clips with Flower Design for Women Girls
Accessories for hair;110.00 MAD;LINXI;10 Pcs Small Mini Pearl Claw Clips with Flower Design for Women Girls
Accessories for hair;110.00 MAD;LINXI;10 Pcs Small Mini Pearl Claw Clips with Flower Design for Women Girls
Car Charger;120.00 MAD;MOKPR;Wireless Car Charger, MOKPR Auto-Clamping Car Mount 15W/10W/7.5W Fast Charging Air Vent Car Phone Mount
Beach Bag;150.00 MAD;BeeGreen; beach bag for women with Handles Embroidery Large Personalized  A
Accessories for hair;110.00 MAD;LINXI;10 Pcs Small Mini Pearl Claw Clips with Flower Design for Women Girls
Accessories for hair;110.00 MAD;LINXI;10 Pcs Small Mini Pearl Claw Clips with Flower Design for Women Girls
Baby Clothes;100.00 MAD;Carter;Simple Joys Unisex Babies Cotton Footed Sleep and Play.
Beach Bag;150.00 MAD;BeeGreen; beach bag for women with Handles Embroidery Large Personalized  A
Beach Bag;150.00 MAD;BeeGreen; beach bag for women with Handles Embroidery Large Personalized  A
Accessories for hair;110.00 MAD;LINXI;10 Pcs Small Mini Pearl Claw Clips with Flower Design for Women Girls
Baby Boy Girl Clothes;100.00 MAD;Carter;Simple Joys by Carter s Unisex Babies Cotton Footed Sleep and Play.
